8.07936839337646e-07,0.704835087439169,1.20138217822801e-06,0,1.62262853060451e-06,1.40120311483555e-06,0.999998934191451,0.00162656455933113,0.505537973884192,0.500020569830709,0.500000099023747,0.500047441397911,0.500055315166606,0.499984975672022,0.50000565758157,0.500005016065082,0.499983193599817,0.500001108377299
0.704832604197529,5.67099737835974e-07,1.91804173615973e-06,0,1.60928049532466e-06,1.88645974319296e-06,1.46775391909965e-06,0.999999219304882,0.496197814859887,0.49999948853259,0.499987699280303,0.499995007745862,0.499997864350539,0.500000307701953,0.500043281799387,0.500011345764282,0.499970880679708,0.500018226499262
7.9301753946881e-07,5.54475017201772e-07,7.6902021935072e-07,0,0.704745381518064,1.62913949347532e-06,1.62093115733834e-06,0,0,0.500000083759632,0.499978622950399,0.499989775055688,0.499996612211173,0.500000346207278,0.500032549013041,0.500012415447256,0.499997950846774,0.500018077309055
0.70483260419745,5.66984809206093e-07,1.91804173617828e-06,0,1.47464381661244e-06,1.8860171207525e-06,1.93920922120228e-06,2.05459361707341e-06,1,0.500001912010323,0.499986309604303,0.499990884231366,0.499996523147283,0.499999187177548,0.500001725479138,0.500247581809031,0.499971565243439,0.500018376594181
0.0267060423587375,0.00683588262016792,0.705753091918929,0.0257062996407746,0.0403875237734141,0.297018968574355,0.33349505224363,0.390813367865925,0.498582527886004,0.498706015153376,0.499729031279992,0.499903990475503,0.50032469629764,0.499971401740221,0.499785227560797,0.500098717316547,0.499849934007211,0.500694868662644
7.87615804187514e-07,5.80499912311863e-07,0.295188864963758,7.00629587679913e-09,1,0.0634724143516747,0.0069794791362276,0.0922796135020432,0.438871469404343,0.500000083926479,0.499978596780603,0.499993478036748,0.499997048307644,0.499997740997208,0.500032807130659,0.500005913185759,0.49997487342579,0.500018422500431
7.9541686631288e-07,5.24435821409153e-07,7.77665846011101e-07,0.704847125751604,1.4452145918659e-06,1.95422883489836e-06,1.8779025670046e-06,0,0,0.500031062468998,0.499984904968378,0.500002892862602,0.50003174098064,0.499988017430198,0.500032794598268,0.500004539530014,0.500020379413822,0.500019020190873
0.0560717230833127,0.0388998314897129,0.055131262804707,0.361492885755101,0.0496565329926321,0,1.02607556379253e-06,0,0,0.499923424878325,0.500974346850691,0.49986897376934,0.500084023333806,0.500037983710879,0.500309880341728,0.500010203601473,0.500054254834277,0.502717270383254
0.70483260420335,5.75861994186701e-07,1.9175113259628e-06,1,0,0,5.74960257636904e-05,0.0513729106387184,0.470424745139766,0.500000357053303,0.500000210086572,0.500003758051284,0.499996628219302,0.499998553803514,0.499995424999078,0.500018851084276,0.49999608401476,0.500008142455263
5.63216619675622e-07,5.6522722835517e-07,7.29468349836004e-07,3.25328247257861e-14,3.56660518773952e-07,1,0.971779569132362,0.979908512909872,0.492486195149204,0.499997859946376,0.499978528971096,0.499993408805342,0.500030498859269,0.499998049672984,0.499990759343572,0.500007799950502,0.499973229187074,0.500018604502667
7.26961116295735e-07,4.55123558951165e-07,5.98007881768625e-07,5.94470882403854e-19,2.34394725850962e-11,9.67130691702423e-08,0.999998935556055,0.103134023168726,0.523683199024175,0.499995324313842,0.499871567710314,0.500082783624795,0.500003255524676,0.499984231616035,0.50013920534908,0.500005693100691,0.499968057931469,0.500010912720098
8.13235564419528e-07,5.636040346646e-07,8.25777582846223e-07,0.295172239688715,1,0,0,0,0.99107700568696,0.499998208617631,0.499978316180075,0.500002539853458,0.500003144710143,0.500000359542329,0.500032839844755,0.500006607595954,0.499995761917596,0.500002876877306
7.97864768864454e-07,0.704835034855408,1.92557540096283e-06,3.24111400293985e-07,1.54284764852797e-06,1,0.0749306913564526,0.959174984161806,0.0294936848951618,0.50004193125768,0.499991755301453,0.499990974235748,0.50000178418159,0.499999600676111,0.50004446542341,0.500012497559158,0.499967806767618,0.500000715565451
0.477078972623099,0.0608411359967043,0.0808515056962411,0.0646239000712892,0.0817517044279518,0.500180416096733,1,0.923924505709096,0.0664613125137911,0.500027486257446,0.499880810828331,0.499929951454996,0.499906018587284,0.500137360979672,0.499276360436071,0.500177720587837,0.500059399594794,0.500044039249967
7.9301753946881e-07,5.6346990384756e-07,7.67525187750324e-07,5.55111512312578e-17,0.704745381518064,1,1.5468872922586e-06,0.949186574929363,0,0.500000210655616,0.499978221324073,0.499989794196101,0.499996618982648,0.499981514478938,0.500028499985079,0.500005135310222,0.499972940044598,0.500003077431377
7.90893648200576e-07,5.66317612974218e-07,7.15120697010927e-07,3.14902346954525e-07,0.704745381518054,1.92948412866545e-06,0.999998881065317,0,0.105679732016562,0.499999411141268,0.499979191480745,0.500009621113404,0.500026583565868,0.499997881888408,0.500061818789732,0.500042323132989,0.500058701337943,0.500038115991805
7.97247983006104e-07,5.57496232930655e-07,7.97361413677644e-07,0.391805730251468,0.499999931717907,1.81591962463126e-06,1.9331863490013e-06,2.88276326629209e-07,0,0.499954402271091,0.49996308306708,0.499992126957437,0.500013611947529,0.500004267182215,0.500032773743789,0.500005191201719,0.499975450583311,0.500035774260091
5.80525260085452e-07,5.73906727112637e-07,7.18266281840574e-07,1.43093331357915e-08,1,0.104105220669921,1,0.00072729653736385,0.572935696941654,0.499999831673647,0.499986452940825,0.499993768800582,0.500020096065587,0.499997697259414,0.500001006520009,0.500007559579869,0.499969135715351,0.500001471245872
0.391827187836659,0.499999954518335,1.89982438889561e-06,1,0.466591391600017,0,0.999999960961561,0.0887754111813386,0.496596841182756,0.499999414882755,0.499998516912584,0.499994722413204,0.499996316228661,0.500000232371713,0.499993845262898,0.500005656728637,0.499997486115027,0.50000804539705
3.35504390191056e-07,5.77005772258081e-07,2.64267191463219e-10,0.622125096821583,1.20307804468006e-05,0.833640931848973,0.341579895699112,0.41020866658747,0.499982401902431,0.500005390881987,0.500022844076488,0.500120375653855,0.500059754598686,0.499973096086841,0.500097860269849,0.499988599741609,0.500005211839899,0.499818923974901
0.704832604792009,1,0.0850755082116155,0,0.0660901572622672,0.0347074159191439,0.0236232976911606,0.090350166450987,0.0710974502347345,0.500000435632975,0.499990160991715,0.500005105175541,0.499997726292132,0.50000015155121,0.50000133001961,0.500002272034661,0.499996098632827,0.499997067773283
0.391827187954856,5.677356846918e-07,1.30913820213036e-06,0.500001305711162,1.62909539519474e-06,1.88588352344199e-06,1.94107106410435e-06,0.999999303790299,0.0190848270021746,0.5000355576537,0.499978432728807,0.499997187552617,0.499996870598173,0.499985693240584,0.499996013270595,0.50000577967552,0.499971370509101,0.500018816961352
0.0558660192941928,0.0558481587206096,0.471501652364953,0.0747389565636882,0.0793371456898616,3.84275264881139e-07,5.28512146715919e-07,0.499652350076578,6.62225856133416e-09,0.500544434125075,0.500022453134234,0.499917064598039,0.499831884114993,0.500209259328504,0.500333534200499,0.500178226672182,0.499962327614337,0.500054116065232
7.93777900729938e-07,0.295132600042536,1,0.000385202077033477,0.00163152643611968,0.00460362719953469,0.0789519915797095,0.988902768815612,0.38471943124408,0.500003153889472,0.499999656449056,0.500005125418624,0.500015979879811,0.499987447961248,0.500014357972351,0.500012056701412,0.499996889079399,0.499989829231994
0.054814664268373,0.0566772360062485,0.0579576980230498,0.0519151232720842,0.478426159606107,1.29539467002314e-08,5.15901187138575e-07,0.499501123935837,0,0.499417513300126,0.50002975534199,0.499941941246472,0.499772261429034,0.500214824026595,0.500262934701361,0.50015883090695,0.499674055396321,0.499994335201146
0.39182718788169,5.65420290361551e-07,1.2323457048713e-06,0.50000130566703,1.43473026037455e-06,1.89799849571972e-06,1.97119122936639e-06,1.97207928334408e-06,0,0.50003330077313,0.49998614689692,0.500005218386722,0.49999600947786,0.499998179742471,0.500028963656418,0.500005919835874,0.499951382155384,0.500001536063982
8.41872265700424e-07,0.704835034859012,1.9110404929229e-06,3.24089049775049e-07,1,0.993596476403737,0.00188895886064344,0.939077914896406,0.499675196196082,0.499997359267723,0.49999754319092,0.49999097469342,0.50000274435182,0.499999602266752,0.500044477997249,0.500012483165952,0.500001438293368,0.499999569555637
0.391827190427249,5.68892017206976e-07,0.499996038252514,0,1.44406355590225e-06,1.93513701694678e-06,1.93592669226213e-06,0.999999253418159,0.378552763964787,0.499999093415013,0.499958583896101,0.499997351120156,0.500052606469189,0.499979060846374,0.500033565495302,0.500038172605201,0.500074029094399,0.500002123919014
8.03773282709308e-07,5.61890419295303e-07,7.42247730004109e-07,0.295172239688715,0,1.61334592230496e-06,4.780429648598e-08,0,0,0.499949377712076,0.499978628324683,0.499983844238867,0.500076901312723,0.500000986637945,0.500032522657983,0.499956023456589,0.499950366963256,0.500003242972749
8.37536302523759e-07,0.391826279915367,0.499996044298103,0,1.62749983556587e-06,1,1,0.0215037113052224,0.999983395396979,0.500017046804611,0.499986533879323,0.499989684063084,0.500014702078591,0.499999299698132,0.500043258354912,0.500005269360915,0.499981153343341,0.5000021992192
0.0547953566362457,0.049036624093296,0.486883816140416,0.0739980560317731,0.0615381285183281,4.08689567534783e-07,3.59721931131318e-08,0.499506268296564,1,0.499445863776124,0.499694921713787,0.500101190839743,0.499692970320122,0.50025150545919,0.499201636644347,0.500572806438959,0.50138234144004,0.500123752480586
0.0556355500060641,0.04852180665821,0.0441834183865606,0.0375173027391353,0.366892076402566,0,0,1,0.00463312018963102,0.500040930061556,0.499753139497442,0.500212547448913,0.500039541476967,0.500028752073755,0.500035189752472,0.500596048620556,0.500077074088362,0.500047517044213
2.29385761607581e-07,5.20706386535131e-08,1.90353072603775e-06,0.632347614558958,0,0.0950366384188494,0.0824126166551984,0.108242195106487,0.910483467709113,0.500003438156428,0.499967830029008,0.500046384251703,0.500003163121727,0.499987256725817,0.500011962847447,0.500137629107746,0.501233292585395,0.49992217521906
7.9733175073482e-07,0.391826252021097,1.1990514002802e-06,0.500001301636141,1.62900356382415e-06,1.88764913342051e-06,1.88632426517676e-06,0,0,0.499995358685609,0.499962503467263,0.499997385501579,0.499999415425252,0.499984976414623,0.499999891237335,0.500005113748496,0.500052841574689,0.500003196205522
0.0591103445609683,0.0591721036562769,0.0494711952494067,0.0624113467687706,0.473209544143114,1.25487904789961e-06,0.499556621661918,0,1.78967470837784e-07,0.499874681377817,0.499827793328443,0.499916718705743,0.500091432261961,0.499975562589562,0.500013169819609,0.500182232586185,0.499961914267705,0.500268272956474
0.468207770221641,0.0962445881976638,0.0974327058345139,0.0987206166548407,0.772479340775342,0.295540730404344,0.333485528578258,0.39176402040495,0.499973841539859,0.497926319230033,0.501352069633067,0.499989283074314,0.499776352663409,0.499967789108013,0.499740009933069,0.50019169326248,0.499533424174708,0.500024630684705
0.0554619821849139,0.056645782680555,0.0576000374005586,0.0519642653714109,0.478289132743683,0.500198145961473,1,0,0.598335265466277,0.499936360182644,0.499718782262658,0.499189101782688,0.499937600096842,0.49997480502526,0.499232035048475,0.500176853817007,0.500073693488189,0.499938970843454
0.0536944499222523,0.34849421952814,0.0635897038771897,0.0544070302693029,0.0609577519346368,7.97987371736752e-08,0,0,1,0.50016064665623,0.499876675525355,0.50004986910385,0.500010792489912,0.4899538510865,0.500057911537492,0.500348533182418,0.500079616381535,0.500037053466342
7.59003183279933e-07,4.90837871977669e-07,8.29868525342725e-07,0.295172239688715,1.60381342702785e-06,1.203550999038e-06,5.88218150763199e-08,0.999999373414897,0.11741579244146,0.499929337409951,0.499966748443151,0.499974052604398,0.50002528260664,0.500024902786532,0.500006197912642,0.500005732092229,0.500071863167096,0.500016797582704
0.0555022971626815,0.475077413045992,0.088824630116542,0.0671058731153078,0.0639459966934552,0.497555892478355,1.6060150625903e-06,1,0.984972799298184,0.49996126718508,0.499692021461586,0.500095324275996,0.500020972472189,0.500002469406915,0.499980093881122,0.500105913945035,0.500081912829806,0.500108145036999
0.0549923617329989,0.0579155394342397,0.0548084473490973,0.0562931090238637,0.056673371768252,0.0570514188354854,0.901872839948051,0.39178727761076,0.499955456535664,0.499842817546478,0.499711282944363,0.500107989907866,0.500299503471938,0.500417546334986,0.500608515823884,0.499708298347604,0.501040157049745,0.499626344591463
0.391827187836351,5.71977769782139e-07,0.499996044282749,8.34620056400226e-09,1.58652890802635e-06,1,0.063426055422058,0,0.929246651797622,0.500034410000049,0.499992024813026,0.500003273154768,0.500014630863997,0.499999307657502,0.500032349832102,0.500006166825244,0.500002699493279,0.500000396255937
0.0535483138068776,0.365913971988906,0.0682264871579108,0.0505304878509023,0.0359388372652569,1.98627661254397e-06,1,1,0.85674196248546,0.499989583071295,0.499960017330102,0.500029946619865,0.500010333744852,0.499984390226886,0.500042538639433,0.500006920269251,0.499953332041169,0.499985185938865
8.42252160451281e-07,0.391826286723589,1.24810448804451e-06,5.53706559105807e-17,0.49999993004371,1,2.00919762405233e-06,0.948997175908825,0,0.500017206446087,0.499992854458092,0.500005214353229,0.499996493897208,0.499986604146018,0.500027028909164,0.500003990127968,0.499973195739675,0.500018728841321
0.471072365739719,0.0869153744280353,0.0805127768145889,0.0667418252917852,0.0642441922748434,0.501875512239174,1.87273503882146e-06,1,0.00233058674553814,0.499960803511323,0.500108755846819,0.500095367203248,0.500026577183847,0.49950450856062,0.499980599704456,0.500277370350745,0.499838872409297,0.500044287439475
0.704832604794571,5.73856853642506e-07,1,1.56893196648186e-09,1,1.3564417415679e-08,0.992068063596698,0.0890695914687026,0.0715538092160464,0.500000023350142,0.499999687355639,0.500005102253072,0.499997756800814,0.499998083387182,0.500001418832201,0.500002566439694,0.499996691848407,0.499997680926987
0.0713096856986899,0.0717952622581037,0.0723185021241333,0.479300751165643,0.099892106279715,0.100983782655735,0.820920715700337,0.391789050344342,0.49998052392714,0.49890941070558,0.501606853319901,0.499839360297788,0.500706746552786,0.499995329003024,0.500879216672448,0.500014521279326,0.501272755940192,0.497826905161619
0.409294661087579,0.0055241422907103,0.0112355732066188,0.00197560319308149,0.526305706160094,0.294020655015246,0.333419141608446,0.39051960889763,0.502079058221665,0.499452327735059,0.500874353970643,0.499946389529847,0.500025450209853,0.499508954604101,0.497946787319417,0.497020109394081,0.49932913088819,0.50151428864233
0.704832604197447,4.88514004193252e-07,1.90304861251477e-06,8.59152894500666e-09,0,1.88617841868083e-06,0.999998956824738,0.040855699517841,0.489735141556783,0.500002762899798,0.499978756845239,0.499993816336273,0.499998642077466,0.499984567614784,0.499991012334696,0.500007717458593,0.500044011337505,0.50001883928468
8.01371422230041e-07,0.391826257498307,1.18207106039952e-06,1.38538838805817e-13,0.499999940543629,1.93141231097371e-06,2.00820722714434e-06,3.05317678583883e-07,0,0.500030604381656,0.49995975091718,0.500004565765525,0.500125822433908,0.499977475573762,0.499908078731509,0.500039089673479,0.499946713671678,0.500038098591607
0.0576385409271119,0.0568231593062827,0.0553446166955553,0.0568116192423098,0.0576988788909372,0.0549443303221318,0.0584057481547557,0.0571030189070887,0.0589417433769079,0.500023365861965,0.501850830195681,0.500081945261819,0.501225704234053,0.499884552133254,0.500938799161372,0.499839261122271,0.499917857849565,0.497702165901704
7.9691946142102e-07,5.24686244739265e-07,8.25861448001846e-07,0.295172239688715,4.1692731243258e-07,1.60016225655626e-06,1.50292953108287e-06,0,1,0.499998245121885,0.499959924305044,0.499984290680795,0.500010624608505,0.500001790833608,0.500032226209939,0.500058759934578,0.499948086010319,0.500003258705105
0.05550229716303,0.475077413436072,0.0886123812998236,0.0671032937079274,0.0642464537132225,0.500673927614034,1,1,0.113124212514723,0.500026712369116,0.49968767706901,0.500093884691126,0.500027436323443,0.499502405868113,0.500040374158148,0.500017069040211,0.499823315596951,0.500079275149416
0.0571333903090212,0.0556421786920383,0.05285243237541,0.480535045230305,0.0677623190176747,0.498369252650173,0,1,0.741951047124851,0.500032956775983,0.499931432340004,0.499918554193758,0.500024493163454,0.500035198093702,0.500043205496175,0.500036106253575,0.499884534378441,0.500021783716411
0.0713472078875206,0.471577573098148,0.0976162063934038,0.0986773489266026,0.772461973905631,0.295094243638047,0.333386986830423,0.391800395138889,0.500124178740541,0.499637323115942,0.499887781338236,0.499658975884934,0.500006832070671,0.499978902966842,0.49334847873113,0.512895895833041,0.500323548240335,0.49998537406643
0.0564219731708336,0.346987102394715,0.0546706207066041,0.0602806226685053,0.0624025621042066,1,0.000816330136243187,0.989643275443284,0.480315217989124,0.499768505102752,0.49983264823617,0.499993459463606,0.50002611096046,0.500002980411439,0.498169805154248,0.500079970858901,0.499943519415307,0.499963365968717
0.00422408162716334,0.0110014867373274,0.00430947294659451,0.720362455838069,0.021759014391079,0.296235896470607,0.333409081982222,0.392299195365259,0.501835651442686,0.499851325611422,0.500395900860601,0.500097533928086,0.500028008426045,0.499956012737754,0.499946407454125,0.500622317117804,0.500253551027911,0.499912082016286
0.00580145106399341,0.724091630884202,0.0137090574641966,0.0188519289362414,0.000315733863801983,0.29079156877553,0.325946641282749,0.391706055061785,0.499955718381174,0.498057319653826,0.499844137310897,0.500367236815492,0.500055856974398,0.500437462211298,0.499946625147991,0.500249045267367,0.499956496111218,0.500018833013709
0.0590083372880383,0.0592830312813688,0.0526539778440222,0.47718996322193,0.0677311719084326,2.22546644501609e-07,0.500023569041689,0,1.31223087951327e-11,0.500036879279203,0.499681213619261,0.500007286754148,0.499999500166072,0.499946439853547,0.499940349938123,0.500190824045393,0.501014974202236,0.500018568622902
0.0713152166589984,0.0717695946214365,0.0723038447869047,0.47930064047017,0.0998707237006869,0.101293768422357,0.102374608358246,0.852501212994382,0.499947131044935,0.499462742153991,0.499995521594433,0.496912860238095,0.499192277025694,0.499913639996809,0.500890862112142,0.500000159863762,0.499982601363194,0.50186320757059
0.0551512685110919,0.0469612076271756,0.353656846790532,0.0551700856693267,0.0608723344703681,1.93968219593645e-06,1,3.72349198070939e-06,0.860431791706162,0.499953082820848,0.499894941841459,0.500002953209396,0.500100834938276,0.500107819213917,0.499996624555726,0.500045941605437,0.500088617435524,0.499624256245321
8.39755493074676e-07,4.96148314194558e-07,0.704835481638179,1,1,0.0753740882062795,0.00747558574534996,0,1,0.500034029208773,0.499965980930742,0.500004559576451,0.500003052120833,0.5000235949966,0.500041309452131,0.50000471745273,0.499995753396507,0.500019384621421
0.391827187902645,6.07323569132565e-07,1.20259908337195e-06,0,0.500000108742404,1.9299443459464e-06,1.94883467024708e-06,1.96814713107618e-06,0.999999901425129,0.499999290541583,0.499906320385262,0.499996260657247,0.500085509827125,0.499984926941549,0.500032177707244,0.500007379941703,0.50004465180294,0.500033312603283
0.0713609738328712,0.0714225269597231,0.0722631178798929,0.479301450517029,0.0998016993461305,0.795436736476169,0.333385578491423,0.391743698844925,0.499949158897545,0.500544179969812,0.499949906545123,0.500043876787666,0.499630141125041,0.499945580934739,0.499077487492384,0.500290378884801,0.50005192608125,0.500670010986033
0.0558660752085451,0.0468858488359646,0.353556295005516,0.0551461155987589,0.0602607797993805,1.89591979135858e-07,1.90689156547659e-06,1.90711925688103e-06,0,0.5000222495385,0.501520236021463,0.499987331752039,0.500027732949266,0.499961055969502,0.50000196649561,0.500266663506421,0.500064263243427,0.49999055335501
0.4678301325659,0.0962440969399863,0.0972905472948417,0.753327343207635,0.269127074497025,0.295088975891106,0.333391255781585,0.391788914492146,0.499951361755081,0.497876882947215,0.501319477968321,0.500368815902199,0.499958064239147,0.499971578503699,0.500258222706984,0.500097860222777,0.499525493372678,0.501613451280936
8.3880656481794e-07,5.6812338659986e-07,0.704835483716481,0,1,1.83216603176796e-06,0.0180419829939823,0.0403257438245547,0.985458675431232,0.500037384701555,0.499997666858123,0.499997076324187,0.500052068068162,0.499987907736287,0.500039828184277,0.50000359466795,0.499996154323194,0.500018928769372
0.354944114216505,0.0689723846825414,0.0551956660119454,0.061584458366625,0.0452136972033397,1,0.0833132192581486,7.98608843701198e-05,0.991754679769245,0.500047832005416,0.499877124775363,0.499960264129901,0.500005649855127,0.500006192813768,0.500051434715584,0.500191428328939,0.500001741860805,0.500005131109928
0.0633599955886359,0.472944471010451,0.0793696777482757,0.066955249925842,0.0680150067575674,2.58353204746714e-09,0,0,0.500253287927845,0.500429810620647,0.49968825651643,0.499993446971422,0.49975210390187,0.499963545433903,0.500239277405223,0.50000644544018,0.499987143947997,0.500000904086179
8.07953446424062e-07,4.55239121399664e-07,1.03832754428625e-06,0.295172239688715,1.62202449488502e-06,1.47316965005719e-06,0.999998916360063,0.0747763446847711,0.504991440474109,0.49991454564251,0.499978289007331,0.500046786875627,0.500022152516996,0.500028278886862,0.499919747052594,0.500075497707407,0.499983167217853,0.500022319186095
0.0568766369547103,0.0586359301851327,0.0665074358610465,0.0448015227339728,0.475137935303117,1.87690018818864e-07,0.499388016551737,0,1,0.499955586227065,0.499761203625554,0.499363748253951,0.500094172058484,0.499983221876409,0.500245472563879,0.500050900589834,0.499949492749096,0.500237453291815
8.01812578554717e-07,5.70767917075459e-07,0.391816571814269,0,0.499999688786607,1.92919465024115e-06,1.94252134565863e-06,2.01422821066721e-06,0,0.500001291764133,0.499950789867708,0.500005255479413,0.500018775588408,0.499987830682164,0.500000113787358,0.50001236809161,0.49997795452028,0.500002156386977
0.729183957896407,0.00299550504199692,0.000228850836803657,0.0142615678593677,0.000213622041498648,0.294003171523174,0.331293408555495,0.391659390554455,0.500147016731219,0.499140315563338,0.500405880977693,0.500093998047763,0.499802758453748,0.499389356381497,0.50007614097518,0.500008122388775,0.500127068488009,0.501712688178866
0.391827187881923,5.80054581374816e-07,0.499996044636156,1,0,0.961527923111445,0.133120204170227,0.0662562530959925,0.973441642045831,0.499999583370386,0.499967745232153,0.500015542545634,0.499996274441897,0.500000361852644,0.500024530877264,0.500005119197097,0.499976672504838,0.500021787956381
7.00022107558151e-07,5.82688613039063e-07,6.717564202674e-07,1,5.10085231120233e-08,0.0554938995760765,0.995972218723831,1,0.496498159774225,0.500025674707002,0.500000837206616,0.500000642728911,0.500022610207525,0.499987895658021,0.500028180530089,0.50001555383901,0.499974919984987,0.500000954800725
8.12810968362936e-07,0.391826256501761,0.49999603903816,0,1.57456797847375e-06,1.88860886374265e-06,1.90328813224506e-06,0.999999253624239,0.395736792317198,0.500016323267579,0.499986449955087,0.499987359699665,0.500012583894918,0.499988419748188,0.50003956993482,0.500012147643485,0.499981167594746,0.500002321062327
7.97114283380995e-07,4.90866982573455e-07,8.29911001753834e-07,0,0,4.99007807249143e-07,5.88739718117639e-08,0.999999373644398,0.529461702719621,0.500035764914124,0.499987501807444,0.499990837814551,0.50001494144822,0.500024902892256,0.500006827146829,0.50001173604769,0.50007075363892,0.500022409685442
8.04129618059424e-07,5.85298745252133e-07,0.704835518707251,0,1.5778637634245e-06,1.9753509346021e-06,1.99373303581135e-06,1,0.544090977998583,0.499959716473424,0.499988627661608,0.499990955741692,0.500043229519117,0.500027540294275,0.500028040460519,0.500005461665018,0.499975451211868,0.500020055518366
0.0713594468083225,0.471713890229981,0.0973518434282585,0.0986822838880467,0.0998452214907054,0.100969530801026,0.820919932055541,0.391778682162244,0.499977950285673,0.50015940007612,0.499708574862121,0.500289511461214,0.499985078684705,0.500423151848897,0.500956983902007,0.499959411877427,0.501272085865031,0.499637439808318
0.365236582108485,0.0464822599997279,0.0560666792224985,0.0546049869043423,0.0602421550625721,2.76640024531599e-08,1.96836894666791e-06,1,0.0487977684970337,0.499953513426966,0.499842593353697,0.500133600525115,0.500446798241829,0.500466645197496,0.500052496235195,0.500010956673841,0.49996970015981,0.500003622554943
0.295136551196393,5.62668547865464e-07,1.04469479850211e-06,1,1.64067695876596e-06,1,0.0277278446097475,0.000591588284131306,0.936865897291538,0.50002272487135,0.499998845143981,0.499986020056967,0.499992801216552,0.499987686811994,0.5000350898775,0.500016226163279,0.500004093490273,0.500016769899647
7.89849918358954e-07,5.24941725138603e-07,1.05072318376954e-06,0.391805744459269,0.500000117768759,1.95590384066691e-06,1.97062088161151e-06,1,0.928898579702515,0.50003504114187,0.499870396174453,0.499988794371914,0.500020167786579,0.499987445609664,0.500033050253179,0.500005574339219,0.500057921083539,0.500002100191318
0.0546770791144766,0.0571476475088453,0.0552847619708864,0.479371705099367,0.0683080172817415,0.500656305732837,3.70536869345156e-10,0,0,0.499927584849303,0.499991015904522,0.499222969522131,0.500030142531332,0.500371822206735,0.493382451455088,0.499998491685585,0.4998817948606,0.500015142160539
0.00554806136987766,0.00549737803739248,0.0100264652652318,0.407705855181477,0.524175732496669,0.293733049546318,0.33239706160307,0.391808557300222,0.502322008271072,0.498040302283929,0.499994611216789,0.500434050377909,0.50007663293308,0.50043755117113,0.499947035050624,0.499745516712908,0.499956509265266,0.500017517683804
7.9712644486948e-07,5.25270118414944e-07,8.19536402148238e-07,0.704847104006443,1.40405216455998e-06,1.99559354582229e-06,1.87790256696982e-06,0.999999393788328,0.526947150201081,0.50003370271009,0.499984913785062,0.50009508489873,0.500004516181266,0.499987291593705,0.500006652538163,0.500004060085794,0.500074953125425,0.500018979696758
0.476767769165939,0.0608269511325737,0.0809228194414169,0.066906858174983,0.0808482556841721,0,0.4951516896834,0,5.47493761438034e-09,0.500011672251684,0.499853794003499,0.4993536742451,0.500006926582501,0.499989645208967,0.49926564087352,0.49040559627863,0.500111084218483,0.500037914438578
0.362968354698955,0.0569541981959091,0.0616571852342844,0.0506105806129276,0.05123940053542,1.97808363910263e-06,1.93735552525961e-06,0,0,0.498719066173824,0.499606474428567,0.500001004646538,0.500031656175848,0.500126525205575,0.50024044141609,0.50005713508008,0.500009679154794,0.498185145341045
0.342952970811894,0,1.91735048200858e-06,0.390906118034913,1.43645651470847e-06,0.850882604127782,0.333364092437601,0.366063458308763,0.474230056834118,0.500030848850463,0.499571650849928,0.499994413528075,0.500018285897149,0.499979120431151,0.500000864494599,0.500008536954338,0.499964383267234,0.500001095002824
0.0713126920979691,0.0717673980223534,0.0723088403691476,0.0726319345595479,0.483299895203318,0.10117683280624,0.102374729064918,0.10345991492901,0.105136460578782,0.499714763492125,0.499998319347268,0.500009832480882,0.500270903247429,0.500474328210374,0.500985327010892,0.503578571743336,0.500170729348219,0.499616535257208
0.471175750875063,0.0570904614106444,0.0806867502604332,0.0755877942073636,0.0842852036367635,1.26920159033311e-06,1.47885967927142e-06,0.49952693389224,1,0.499885183623611,0.500438548561506,0.49856424459659,0.499959007555726,0.499958983647458,0.500276484410058,0.50001961964668,0.500065068790802,0.499973919018341
0.704832604718757,1,0.0850755082116155,0,0.0660901572622672,0.0347074159191439,1,0.090350166450987,0.0702214082996896,0.500000427584031,0.500000004568035,0.500005105175541,0.499997726292132,0.499998187062146,0.500001467234308,0.500002125301932,0.499996091266543,0.499997069264963
0.391827187875085,5.75900945781375e-07,0.499996044617623,9.3030867454047e-09,1,1.88566100101095e-06,0.98108899849445,0.0642864868769627,0.98793916274821,0.500000365455741,0.499987968612672,0.500003877243635,0.500018850276383,0.499999596024527,0.500025156699014,0.50000554799988,0.500041533362965,0.500000975361078
0.0551956778649492,0.0581420790244438,0.471752819984395,0.0739059349384191,0.0777454203049609,1.28339302222037e-06,0.500054062088119,0,1,0.4999028554897,0.499725842516257,0.50012067684176,0.50008575958851,0.50018129135741,0.499990255447108,0.500188301756385,0.500026114126565,0.500424340455647
0.0551936788711836,0.473410080643714,0.0788777540818856,0.0671065881297441,0.077542776038693,1.42570806249687e-06,0.499970595504303,1,0,0.499947948380423,0.49982598668797,0.483972176795399,0.500017547589502,0.500004821447094,0.499983334747656,0.500007692123526,0.499596287478044,0.500043256584979
0.071311668564731,0.0717932871814856,0.0723032607579537,0.479300766249574,0.0998720192159506,0.101138746310227,0.102374329546484,0.103581891470461,0.105136905644152,0.49945784292209,0.49956330537792,0.499964416471757,0.498854189150727,0.50001469220647,0.499944385224087,0.499998199754415,0.501080952549291,0.499483879124561
7.97263969787299e-07,0.391826253265887,1.2203069175947e-06,0.50000130102222,1.61424986503907e-06,1.88960930413984e-06,0.999999993597645,0.0610035601456584,0.943438023356966,0.500038948575611,0.500001907104643,0.50002824763191,0.499993116807887,0.499987610206325,0.500028597493313,0.500006956959924,0.500004476687376,0.500016647643183
8.07936839337646e-07,0.704835087439169,4.21042652897716e-07,0,1.62262853060451e-06,1.40120311483555e-06,0.999998934191451,0.00118513630412026,0.505537973884192,0.500020569830709,0.500000099023747,0.500047441397911,0.500055315166606,0.499984975672022,0.50000565758157,0.500005016065082,0.499983193599817,0.500001108377299
0.0713369370118346,0.0717949447947376,0.475507792667816,0.0986821107752347,0.0998700820001567,0.100970337517716,0.820920767246696,0.3917435758352,0.499980905041824,0.499071064682214,0.499829219656474,0.500068635076149,0.50002065494181,0.499999832429748,0.500878702854787,0.500013888971302,0.501272019089779,0.500108586747614
0.0711525612309222,0.0719235252709099,0.0720662436609063,0.0727036176130905,0.483165841070826,0.795436735571732,0.333275095623948,0.391801030178453,0.499966925960149,0.499894309696021,0.500458980541498,0.500008996148423,0.499901786671808,0.499932479547451,0.500258244685476,0.500271815253386,0.499952227101567,0.499995624854017
0.0713120367498869,0.0717967602100855,0.0721654940388183,0.47930776004138,0.773007872100737,0.295344907116046,0.33338860338988,0.391800070055126,0.499979598767446,0.500561303275045,0.499707911461457,0.500153978568394,0.500019679270819,0.499988417827845,0.499721616181616,0.500547673232039,0.499513996487739,0.500664218518891
0.0713103209296764,0.0717704339190932,0.0723038447869047,0.479316442016008,0.0998749515087869,0.100861609212356,0.102365368158045,0.852501212994382,0.499980872996093,0.498793813597915,0.501650687890378,0.4953362218868,0.500633272486277,0.499989135903824,0.499912229750796,0.499728622443058,0.501052662908745,0.499588596698207
0.391827187835647,0.499999944198909,1.9232573640867e-06,8.03868920064192e-09,1,0.00763718577179927,0.96637985778468,0.0759494756378612,0.441484151159027,0.500028307681268,0.499999632394616,0.500004796819057,0.499996077854219,0.499981124695236,0.500000862297111,0.50000527236473,0.499995276242047,0.49999730847643
0.471204729021447,0.0721607744117737,0.0782780576919542,0.0670668132058634,0.0817219948427695,0.498525394059188,3.12586856448249e-05,5.78151040930841e-10,1.9240165016754e-13,0.499896854441317,0.499708832761557,0.499964228365495,0.500076829206688,0.499997527909251,0.499991110318895,0.4998866838977,0.500033336269938,0.499939554762259
0.0551936788711836,0.473388839962028,0.0788777540818856,0.0670259141425847,0.0775981545265794,1.38185329888271e-06,0.499970595504303,0,1,0.499947964973898,0.499864143300971,0.499875200121874,0.500060744454223,0.499983652293337,0.499982986032136,0.500012955800022,0.500097109043903,0.499516328500975
0.0713116222407244,0.0717682929714926,0.0723033374730675,0.479300766307775,0.0998694838236154,0.101010872120738,0.102374609413756,0.103578771212989,0.894954418855738,0.499461265161805,0.500504659910067,0.499839586853816,0.499092867540762,0.499999987568107,0.500891246251535,0.500021103600262,0.50121538193366,0.497764058396449
0.0511095436374209,0.0471577302665056,0.0504574812697988,0.361451553811658,0.0512989181156451,1.39364992468582e-06,1,1,0,0.49857690947893,0.499955947917208,0.500612611789772,0.499965634403409,0.500200097634585,0.499315308124025,0.501205346874842,0.499996656742899,0.500021239905422
0.00422405077283516,0.417470201196487,0.00430947137814897,0.518055057573358,0.0216377687039763,0.296149150142936,0.333202805668669,0.391659768304691,0.499778247031966,0.499802787062404,0.50041190925143,0.500287070759127,0.500056523528705,0.50042362460762,0.499960582385621,0.500203037372008,0.499953117713975,0.500052654472097
7.93144313069663e-07,0,7.13549012817712e-07,1.79901922098429e-08,4.09509562812234e-07,1,0.0749306913564527,0.979666638173873,0.0310431783678596,0.499995057440765,0.499960755055142,0.499990953645262,0.500029601779573,0.499997995957964,0.50004446542341,0.500012489841336,0.500073685912611,0.50000063906391
0.467836084970857,0.0962225806081236,0.736147669505747,0.248050101754391,0.266759563012176,0.294992383436728,0.333439835932579,0.392609966611188,0.499967207629101,0.499912946361264,0.499983759032253,0.5000059578257,0.50006074059329,0.499936173554851,0.500258372061549,0.519009537360467,0.499932206745476,0.500022539212284
8.13057842052878e-07,5.24941725144057e-07,1.04544777419796e-06,0.391805744459269,0.500000115903822,1.95553519107225e-06,1.97000186928642e-06,0,1,0.500000289847634,0.49999060681301,0.499991055376259,0.499996521505103,0.499987964064842,0.499998150169857,0.500022638831534,0.500060383190281,0.50002244760148
0.0558045120662067,0.0489269136946127,0.0456555151729284,0.354564017026258,0.0594590667133234,1.36561726294885e-08,1.98872376788728e-06,1,0.00508051329985318,0.499948222868581,0.499842462665533,0.500138293521599,0.50005567418984,0.50046740631544,0.499205275909395,0.500209761500688,0.500345630634321,0.5000182456942
0.39182718788169,5.65420290361551e-07,1.23747767391174e-06,0.50000130566703,1.43473026037455e-06,1.89799849571972e-06,1.97119122936639e-06,2.03507274341311e-06,0,0.500000464405853,0.499987173896,0.500005218386722,0.49999600947786,0.499985687195377,0.500028963656418,0.500005919835874,0.499948682027069,0.500001536063982
0.391827187903168,6.07635408946111e-07,1.30845038182598e-06,0.500001300897667,1,0.0746955974984796,0.996365989325474,0.0439631047123687,1,0.50000303458809,0.499993207355058,0.500003075291596,0.499997073607855,0.499985692406012,0.499994824768206,0.500035994716276,0.499975406901555,0.500018490621487
8.41872265700424e-07,0.70483503485912,1.9110404929229e-06,3.24089180967326e-07,1,0.993596476403737,0.00110732512163244,0.939077914896406,0.483260528430141,0.499997359267723,0.49999754319092,0.499990974738044,0.50000274435182,0.499999602266752,0.500044477997249,0.500012483082076,0.500001438293368,0.499999551132426
8.39729176416171e-07,0.704835034864195,1,0.0158099789868801,0.0171025607293106,0.00531913501770692,0.0810349058767367,0.929243028538938,0.421423006615379,0.500016155707362,0.499993167449604,0.500005024534049,0.49999841150092,0.499987972602745,0.500005163186752,0.500011472763579,0.499981050470068,0.500015558350996
7.92656523213483e-07,5.81250618742531e-07,0.391816571931028,0.500001310990876,1,0.0428775822941599,0.0175616929876294,0.985192636567083,1,0.500001608980335,0.499961671089701,0.500006413612671,0.500018783849417,0.499987278877625,0.49999477611081,0.500007067105581,0.500002587473811,0.500017660920123
0.391827187835647,0.499999944199049,1.92357456973991e-06,8.03868915877359e-09,1.61369535730925e-06,1.90731769360101e-06,0.999998935463847,0.942046737427242,0.515725987837503,0.500036248524835,0.49987003362909,0.500005445265506,0.499998228406711,0.499988036409461,0.500137891030928,0.50000526154762,0.499985288558734,0.500015941508527
8.24666100518456e-07,0.391826271647445,0.499996044298103,0,1.62749983553812e-06,1.90728325527578e-06,0.999998835127643,0.0593507175198403,0.962237529518712,0.500017049054412,0.499987800905156,0.499989684062611,0.500014702078591,0.499999299698132,0.50004329480223,0.50000517591943,0.499981153343341,0.500000862449289
8.41943275090377e-07,0.704835043406043,1.98185888131198e-06,3.35692047041939e-07,1.62191731876889e-06,1.40126268964654e-06,1.95290843235663e-06,0.999999388295468,0.512001532533864,0.499960120505954,0.499866580095113,0.500048114750167,0.500059963402923,0.499984123562488,0.500044210914502,0.500005010792255,0.499966931124894,0.500002611602907
0.0546770791144766,0.0571476475088453,0.0552847619708864,0.479371705099367,0.0683080212282413,0.500755559888755,3.47287769983909e-08,0,1,0.499927584849303,0.498619278971756,0.499993066175196,0.500030142531332,0.500371822206735,0.493364769621656,0.500002329077168,0.499957557104363,0.500014667997582
0.0590537421936428,0.0592754232165844,0.052197867341441,0.0623209762611401,0.47155247179745,5.33564796789676e-08,0.499379858629297,1,0.940435189161888,0.499955895611784,0.498950479415659,0.50011163339957,0.500094230495302,0.499974348444176,0.500238249491364,0.500072347578104,0.499942478564766,0.499436582515909
0.39182718798624,5.80215228477986e-07,1.23488722977223e-06,0,0.49999993429703,1.93164095702073e-06,1.97065953478614e-06,0.999999957297972,1,0.500034450236836,0.499992638936823,0.499988468265221,0.500001370284129,0.499984840815378,0.50002897864776,0.500007739396902,0.499952213798735,0.500001334676209
0.0551495504413038,0.0562814776825288,0.485174793296442,0.0673722156660708,0.061874357172322,0,1.76872349721968e-06,0,0.501786247067558,0.500173846880525,0.499955053792455,0.499984319240763,0.500010876772797,0.499961959398354,0.500059044328971,0.500360214188831,0.499865013712652,0.499936009585063
7.97109200070112e-07,0.391826253453122,1.1990514002802e-06,0.500001301636141,1.6257931184568e-06,1.88748368957932e-06,1.88347924173614e-06,0,0,0.499995358685609,0.499962503467263,0.499995826576516,0.499999652795068,0.499984976414623,0.499999891237335,0.500005113748496,0.500048285973015,0.500003196205522
0.391827190427199,5.63150341738217e-07,0.499996038087249,0,1.64214160873002e-06,1.86825002449429e-06,1.86505145882698e-06,2.02072742594428e-06,0,0.500031688707068,0.499967552295323,0.49997343543716,0.49999633599439,0.500000397204619,0.499993700419379,0.500037919294028,0.499997616245905,0.500001943814327
0.391827192004584,0.49999995492164,1.89273083739394e-06,8.38862221884393e-09,1.60879620476201e-06,1.90578657744203e-06,1.8589802111002e-06,2.02035370518161e-06,0,0.49999911078421,0.499986688177144,0.500005232850905,0.499996619137631,0.499998562514138,0.500001782090018,0.500049396075329,0.500054443151177,0.499996127759973
0.704832604720942,5.73856918872906e-07,1.93032004661142e-06,0,1,1.90212838206057e-06,1,0.0513729106387184,0.0702040654036626,0.499999251925952,0.499999683402511,0.500005166808002,0.499997760316357,0.499998188079535,0.500001465597499,0.500002126015909,0.499996695423822,0.499997680600047
0.0512833162582365,0.0497203122956351,0.0548353132744391,0.361013816132544,0.0439054412678598,1,1,0.98757404500988,0.471214833399034,0.50002668692472,0.499817153272746,0.499984910479169,0.500033263559121,0.500143841821509,0.500045833050592,0.500171771037386,0.500002287097333,0.501190823956181
0.391827187918712,3.65581003766588e-07,1.23512388492264e-06,1.62897806355033e-10,0.500000115255311,1.90701279209549e-06,1.97107019296807e-06,2.03944544330259e-06,0,0.499963586872445,0.499987267011112,0.500005214943422,0.500083767589806,0.499984980841345,0.500028978274325,0.500007809319754,0.499952275096401,0.50000133468828
7.92665487033232e-07,5.76638557891199e-07,0.391816571814254,0,0.499999526723218,1.92875268713481e-06,1.88765944691971e-06,1,0.945494558881054,0.500001157834132,0.499960766043165,0.500000062959019,0.500019798811538,0.499987251697499,0.499994952907558,0.500016919056031,0.499967002258668,0.500001290002641
0.471175750875063,0.0570706281754123,0.0806867502604332,0.0755877927915758,0.0842852036367635,1.26803621739377e-06,1.47884973941071e-06,0.49952693389224,0,0.499883138409657,0.500438548561506,0.498564244371701,0.499959662018221,0.499958983647458,0.500263654021749,0.500011695099601,0.500065068790802,0.50000091398951
8.05719708864165e-07,0.704835034855408,1.92557540096283e-06,3.24111400293985e-07,1.54284764852797e-06,1,0.0749306913564526,0.0903720956603877,0.0290899748378846,0.500032264867889,0.499991755301453,0.499990974235748,0.500001783406344,0.499999600676111,0.50004446542341,0.500012497559158,0.499967806767618,0.500000715565451
0.0544372912439658,0.0567267724593369,0.0558646484225286,0.479552224905064,0.0679098320761982,1.00690793804046e-06,5.42826646837691e-06,0.49911053680951,0,0.500707566750641,0.499835220596114,0.499963827860609,0.500028586370158,0.500101914829611,0.500068469621398,0.50009865151066,0.499961542035485,0.500023219576333
8.12440218045385e-07,0.391826256299058,1.30193508183376e-06,0.500001306652516,1.60708054587215e-06,1.88952614402627e-06,1.94254121458471e-06,0.999999166268185,0.191910549857627,0.500037025195044,0.499986441009978,0.500068728356136,0.499999322490453,0.499985561259208,0.49993296848788,0.500011444942142,0.499983430876759,0.500016749384488
0.0554676308114132,0.0593253357644719,0.469370009435735,0.0723914867519844,0.0817194340112469,0.500150955673906,1,0.0831461719755342,0.0254775960690709,0.500018209973948,0.49996847462477,0.499936514176806,0.500025304115707,0.500165540703577,0.49971036769177,0.500171471559062,0.500076412184419,0.499982454449721
0.0415834026333649,0.0569541981959091,0.0615638410735087,0.0506105806129276,0.350668979969829,1.97808363910263e-06,1.93735552525961e-06,0,0,0.498635613247937,0.50003845647754,0.500001004646538,0.511386293208791,0.500125662129855,0.50024044141609,0.500055417823383,0.500009679154794,0.500224928262592
0.704832604197529,5.77284230502158e-07,1.91804150685413e-06,0,1.60864582320189e-06,1,0.0619646197471452,1,0.485394922498456,0.49999948766018,0.499999271193742,0.500016623861164,0.499997865204528,0.499999273125949,0.500002989490704,0.500011660485647,0.499970607154381,0.500021790344293
8.01734586122073e-07,0.391826256521865,1.23364595106097e-06,0,0.499999832157218,1.88204361512422e-06,1.97103572840973e-06,0.999999217897729,0.423460311184248,0.500028400571549,0.500000437878928,0.500067875789685,0.500026418624286,0.49997892112385,0.500027988763298,0.500026022081914,0.500002934213262,0.500017434582334
0.0561249425914058,0.478230786526716,0.079145853571707,0.0670581850333462,0.067950282400323,0,1.42457177109343e-06,0.501119069905595,1,0.499446187899476,0.501358494694052,0.500110707646545,0.499999170098382,0.500198728046939,0.500054076959727,0.500035891310718,0.500484109455882,0.499998165831989
7.95417009005992e-07,5.24434154542049e-07,7.76373455407284e-07,0.704847109041497,1.51764365003692e-06,1.95399586151973e-06,1,0.91458480637268,0,0.499997998735279,0.499974567522356,0.500091709115737,0.500031732776061,0.499987337261673,0.50003185352921,0.500004540689817,0.499974604951723,0.500016972007813
0.295192657199983,5.73370019427911e-07,7.23990922417867e-07,3.04750215672863e-07,1,0.103666547919409,1,0,0.579083663453466,0.499999831647818,0.499986257050326,0.500009059927463,0.499999684598903,0.499998185892848,0.500000997733384,0.500011975677328,0.499971528971389,0.500001645409436
0.0512511651621751,0.0458650401578405,0.0377908414290998,0.0585432171440908,0.361314551819877,1,0.0512572288960421,0.961120542079571,0,0.500056982704151,0.49983234984893,0.499989138116168,0.500032658356645,0.499971227406731,0.500056190578237,0.500027772438358,0.499954536261842,0.50000615284425
0.295097080511743,5.74030142380705e-07,1,0.0483403094457436,0.000146817925418629,1.88363627127088e-06,0.0413304831292645,0,0.948703993222129,0.499998946188927,0.499985286044769,0.499996396055724,0.499996407830372,0.4999803941115,0.500021615546237,0.500038860438551,0.500012376702818,0.500002662714771
7.88963367347994e-07,4.96148314194558e-07,0.704835481638179,1,1,0.0753740882062795,0.96503327170878,0,0.996793178981703,0.500033975298534,0.499965980930742,0.50000445694306,0.50000310504628,0.500023351979135,0.500041309452131,0.50000471745273,0.499995753396507,0.500019368706002
8.38866742004513e-07,5.69037787111316e-07,0.704835483716481,0,1,1.83216603176495e-06,0.0183381383144579,0,0.985458675431232,0.500037384701555,0.499996454424585,0.499996996932513,0.500000865039623,0.499987907736287,0.500039828184277,0.500004718124281,0.499996154323194,0.500019393019922
1.4942617811543e-07,0,1.00497371052777e-06,0.625354264298024,0,0.102141406723098,0.0820269592921374,0.884948683792296,0.504870945381199,0.49979163691084,0.499778018278638,0.500005436469191,0.499966096454176,0.499975221389329,0.500061185939942,0.500134064502312,0.499974500766061,0.499990173296675
7.9670514463448e-07,5.80195636534775e-07,1.11510772272349e-06,0.391805744377715,0.500000115990554,1,0.0658219353969725,1,0.929656254646079,0.500035044148669,0.499961462454833,0.499994735518484,0.500021023535063,0.500001724488345,0.500002697801162,0.5000057239225,0.499974895208131,0.500000391184634
8.12536778948168e-07,0.391826256275825,0.499996038119512,8.73264231418431e-15,1.52909281320168e-06,1.88880961165543e-06,1.93629664990702e-06,2.87655250730268e-07,1,0.499927607649486,0.49998707502465,0.500007453542097,0.500011997174701,0.499985497393359,0.500038849316547,0.50001202522728,0.499954825562804,0.499990245216282
0.0554979798730339,0.0592146395626148,0.469446253089354,0.0723402910830065,0.0817421897058648,0.500165807561679,2.02012759524735e-06,1,0.0188044635683661,0.500039444204143,0.499923122689996,0.499991460091909,0.500082338757028,0.49998649732783,0.499923065113308,0.500009083260439,0.500030398266261,0.50003435651285
0.391827187779788,5.73883676541409e-07,1.31179551642939e-06,0.500001305527699,1.6301368453805e-06,1.88781207154641e-06,1,0,0,0.500036439156301,0.499950086278204,0.500032764446598,0.500001315887207,0.499984786994873,0.500030373979194,0.500007491511164,0.499971396457842,0.499999429592206
0.00308107648239335,0.0060838625806669,0.416723176438073,0.0163847262351755,0.517246661127885,0.297167472508101,0.333456044158986,0.390917667043916,0.502295484719729,0.50058280968817,0.499856528458106,0.499907003960539,0.499973429648257,0.500435819148404,0.499784928246452,0.50011313977783,0.499850126058219,0.500774470738224
7.93388880482304e-07,5.27220397549132e-07,0.391816571935277,0,0.499999898169804,1.90196939048312e-06,0.999998983621907,0.0955253564881866,0.894274963195123,0.499999432334241,0.499960678226849,0.499997457162379,0.499995926878311,0.499983804205932,0.500005358416674,0.500007297527926,0.499980802314016,0.500033678087488
8.13252831239759e-07,5.81973510314676e-07,7.77327010975278e-07,0.704847105497966,1.56868080924966e-06,1,0.999287972372668,0.0611485171036383,0.496085391736988,0.499997970093681,0.499984879860143,0.500000047393388,0.50000286261316,0.499974038433346,0.500026579718548,0.500006975436335,0.499975123497251,0.500000025828944
0.391827187838851,0.499999954929341,1.89332929269734e-06,8.38862224128434e-09,1.60879620476247e-06,1.90578657743856e-06,1.8589802111002e-06,2.02165967311263e-06,1,0.500028556946569,0.499986688177144,0.500007174653266,0.499996009482037,0.499998606994201,0.500001782171403,0.500053860145255,0.499963821845439,0.50000205618837
5.29506770485799e-07,5.75273148083438e-07,1,0.000154083609973172,0.295201214089013,1.88974604699833e-06,5.68333052564096e-08,0.985210517619937,0.939242059022917,0.500035828926778,0.499987236304101,0.499991308918109,0.500015087466935,0.499981420921526,0.500021609419384,0.500011733364596,0.500012466219573,0.500022207213647
7.9677617598195e-07,4.92112678309592e-07,0.391816571792849,0.500001310809201,1.60598231697594e-06,1.95808554745739e-06,1.89191027145207e-06,0,1,0.499963411082551,0.499987299865097,0.500005950225203,0.500000857988224,0.500024885194324,0.5000318284835,0.500007001150119,0.499985109459976,0.500022365374535
0.00417772773375175,2.57964748602568e-06,0.420195074975346,0.52346503967406,0.00190778345801759,0.292637619176854,0.333409445416074,0.391995878887992,0.487984553700396,0.499851324249169,0.500042320830817,0.500097348080698,0.500274282209042,0.499969999535174,0.498408270899466,0.500218375857605,0.501210338325219,0.499419533241136
8.42252160451281e-07,0.391826286875625,1.24810448804451e-06,5.74009882826751e-17,0.49999993004371,1,2.00919762405235e-06,0.948997175908825,0,0.500017206446087,0.49999260007536,0.500005214353229,0.499996493897208,0.499988071477783,0.500027028909164,0.500003990127968,0.499973195739675,0.500018728841321
0.391827190427199,5.6859928950427e-07,0.49999603825498,0,1.64214160873002e-06,1.93506252557824e-06,1.86505145882698e-06,0,0,0.499999164902331,0.499958742768567,0.499998436830845,0.49999633599439,0.499978880953375,0.500031199395389,0.500037919294028,0.499991142444503,0.500001943814327
0.391827192264718,0.499999954931013,1.9176036454404e-06,0,1.6088536567224e-06,1.90612170506741e-06,1.85924576733115e-06,0.999999210109772,0.486993662165562,0.499997411868595,0.499987695626892,0.49999520587389,0.500026609788456,0.499983431621116,0.500004378834351,0.500025440004143,0.500054664783986,0.500028000057994
0.0713368745872524,0.471713758994264,0.097093875690583,0.0986835294306062,0.0997999474921641,0.79532594101017,0.333440442473051,0.391743675265378,0.500169086477754,0.499115543112831,0.499744871311597,0.500069533167433,0.50065290762673,0.499970560990996,0.49976245791397,0.50024101393222,0.499926899826911,0.500022893950829
0.0560190128921098,0.478230786526716,0.079145853571707,0.066959178134057,0.067950579638837,0,1.74714391019499e-06,0.50111874912288,4.13632674374883e-13,0.499248487178135,0.501529400004321,0.499993445277613,0.499836099540396,0.500198728046939,0.500444495950052,0.500035652616497,0.500484109455882,0.499998161289353
0.0559015625541115,0.0582388882326148,0.054846279943447,0.0572932651940251,0.0579353142723281,0.0572233436256157,0.0580588131152676,0.91919122208079,0.499138326915566,0.500028751811421,0.501656977000266,0.499949936727082,0.499843419551871,0.499462104578619,0.500011057064798,0.490650144218628,0.500026905356999,0.499537961014736
7.97390965770473e-07,5.53537018069261e-07,0.704835503119805,0,1.62738567906218e-06,1.89779460337483e-06,0.999998888005553,0.865496263774137,0.937299953484004,0.500026748274148,0.499961285404245,0.499917066475073,0.500018452582013,0.499986682955185,0.500043321947691,0.500008371015221,0.499984110529573,0.499999895780435
8.42006602774781e-07,0.391826256289919,1.22085950103662e-06,0.500001301500891,1.61418703273949e-06,1,0.996301117596002,0.0520429570743459,0.982604907512295,0.500017330570147,0.500000774331119,0.500016284524995,0.499997845328054,0.499987906631607,0.500002539591179,0.500011467180265,0.499969535782358,0.500016671994272
0.391827187881946,5.80054581374816e-07,0.499996044636156,1,1.42701674868707e-06,0.961527923111445,0.006825334781781,0.0662562530959925,0.973441642045831,0.500033411411124,0.4999860279976,0.500015542545634,0.499996274441897,0.500000361852644,0.50002896859408,0.500005925024001,0.499950833528022,0.500021916064244
7.97797520229321e-07,4.90785355723302e-07,8.33628131586249e-07,0,0.295201214089013,3.49080305535846e-08,5.68333052534779e-08,0.999999964921705,0.0400137028862073,0.500035590324906,0.499987236304101,0.499991308918109,0.500015087466935,0.500024917893131,0.500029369816846,0.500011733364596,0.499846453589256,0.500022207213647
0.70483260419745,5.69360598831964e-07,1.91804173641632e-06,0,1.46387179815822e-06,1.88609649554328e-06,1.93877290959854e-06,2.00629137469761e-06,0,0.500000348417098,0.499950433696663,0.499989972755668,0.500018485107841,0.499985265897446,0.500001031237125,0.500013098461928,0.499971036784246,0.50001896622667
0.413205519463808,0.522505269947096,0.0167608549617199,0.012740207041122,0.00133808433991434,0.296324023677752,0.333913710589766,0.391160966387577,0.495461915428032,0.500291710482854,0.500399130832198,0.500543252247193,0.499908174707526,0.500281435096112,0.499200852094114,0.500036946276443,0.500161890024608,0.500012776918885
0.0713594675923277,0.0717654805564432,0.0722631178798929,0.479301450517029,0.0998424896460944,0.795436736476169,0.333418863843267,0.391744081071603,0.499950651914472,0.50002535510856,0.499196981163193,0.499865928094927,0.500028774850468,0.500070046853681,0.500977414456202,0.50367602209881,0.498998706384662,0.501630989896852
0.468216369892056,0.0962297085897865,0.0974362945388547,0.0987164136199761,0.0998879499738508,0.795344914983546,0.333439527387859,0.391740798997287,0.499973841889633,0.499441081888627,0.500334953342339,0.502776600850112,0.500681172234566,0.499374937065435,0.499675588442129,0.500198138463912,0.500096927797147,0.500024470342824
0.0594715495377521,0.0590249534229645,0.0495626027322461,0.478723004873719,0.068399384178612,0,0.499406825175175,1,1,0.499912452284186,0.499932313060876,0.499914558325321,0.500069330616135,0.500022317749939,0.500008276005214,0.500034784180129,0.499602815826612,0.500020026518749
0.054474792075977,0.056726773679811,0.0558646217584477,0.479526490376411,0.0679047562500186,1.81504735351374e-06,0,0.49911053680951,1,0.500679172384483,0.49997979117633,0.49996072618085,0.499752418575046,0.500000032232811,0.500261367425993,0.500581782022582,0.499784531636039,0.500047209362283
0.0444577002074819,0.364899660612221,0.0635502597951966,0.0507078307775901,0.0521881555309923,0,1.96756835805179e-06,0,0,0.50034062953969,0.499835335853391,0.500032308254527,0.500085827975419,0.500130683219547,0.500295763334679,0.499807862187789,0.49995616252106,0.499962846830013
0.0554992925255328,0.0592146395626148,0.469446253089354,0.0723402931497389,0.0817424829252526,0.500166354721438,1.80305548269644e-10,0,0.999999999972203,0.500674723306758,0.499717444104958,0.500052446119715,0.500082417457833,0.500175799351148,0.499833321681853,0.500188775858212,0.500350070264006,0.499430441423741
0.391827187776344,5.71861401511311e-07,0.499996044297884,8.46737200912001e-09,1.58439467937957e-06,1,1,0.0644470301761179,0.929246651797622,0.500034956053895,0.499986886624932,0.499992092937782,0.500014630873719,0.499999307657502,0.500032349832102,0.500007760788748,0.500002699493279,0.500000396255937
5.95766572075718e-07,5.65159912783335e-07,1.00450200239481e-06,0.631888315737151,1.49069646742678e-08,0.0883615749909795,0.0778366194517817,0.108242195152452,0.098931657901858,0.499813131870469,0.500535022938526,0.500063755785575,0.500005297856937,0.499986385405152,0.500013513391226,0.499963131437828,0.499864613770032,0.49993389595423
8.37875494946632e-07,0.391826287880849,0.499996045278365,1,0,0.977916110740185,0.0714755223735673,0.00402380528032544,0.0864199837815567,0.499998513487887,0.500000934828408,0.499997334645253,0.500002812436576,0.499988388378105,0.500003942017291,0.500008439784002,0.499983541126267,0.500016912481693
0.0571333903243554,0.0556421786772159,0.05285243237541,0.480535045230305,0.0677588051573813,0.498369252651169,1,0,0.604042307920751,0.499998082773712,0.499949072550223,0.500029393046741,0.500000577308028,0.500047581574299,0.499981242155836,0.500034874743834,0.499974214033375,0.500000325783761
8.35796764298014e-07,0.295132640993005,1.03684177465979e-06,1,0.469887072167688,0.0019494667809597,0.999999960050352,0.0460869134607303,0.811176230863533,0.49999960262267,0.49998722304049,0.49999470772927,0.499996316107231,0.500000792597286,0.500026648132161,0.500005090148252,0.500021011972085,0.500019025852256
0.0713103260862733,0.0717695366691517,0.475507778988617,0.0986818836878774,0.0997986636816754,0.101274012519633,0.102392113772732,0.104086631987518,0.105136895375941,0.498793522403481,0.499559661270647,0.500281825354444,0.500686937664645,0.500211731740108,0.499949015990342,0.503698956383945,0.493339944863898,0.50164141779072
0.071311691940985,0.071795531944289,0.0723087989851105,0.47930075019602,0.0998798659319186,0.101279954308085,0.102374466040669,0.103993919458907,0.105136905644152,0.499467075786736,0.499559804556373,0.500171978666658,0.500695689689404,0.500076814254324,0.500870954735429,0.503571644760191,0.501394878950591,0.497766178041614
0.418452278313128,0.0111163693831809,0.00147658307919396,0.520482545409413,0.00708520780703133,0.296262595250528,0.331432439694285,0.39982119827248,0.502177435443411,0.499844360492759,0.499662774911716,0.499989404205975,0.499797756874533,0.499960253958615,0.500048596613609,0.500054804379425,0.500048570073145,0.501786951540657
0.0555022971934248,0.475077383185038,0.0886183393852568,0.0671032217822644,0.0642472645159924,0.498696721468792,1.60924072484248e-06,0,1.40888967159469e-11,0.500087665324203,0.499687455670191,0.500096538698655,0.499801538848973,0.499476169930138,0.499135969781635,0.500191644595421,0.501015252023329,0.500079275149416
0.0551956778649493,0.0581420790244438,0.471752819984395,0.0739059349384191,0.0777454203049609,1.28317676665729e-06,0.499370882190643,0,1.76770984628866e-07,0.4999028554897,0.499945804007457,0.500120548594405,0.5000836556814,0.500181306754032,0.499982523085685,0.500188301756385,0.500022246987579,0.500424340455647
0.477084446719881,0.0581420790244438,0.0783373101433712,0.0739059349384191,0.0777454203049609,1.4005519607971e-06,0.500093183167324,1,0.924918036480594,0.49795083318385,0.4999325350078,0.499369682413389,0.500017661437115,0.500184036209331,0.499990255447108,0.500182555325487,0.499568542789864,0.500412464403358
0.0559769145501151,0.0591861198748418,0.0507622695180651,0.0626350115630154,0.474082148009495,0,8.96889712806992e-05,0,0.500261223689258,0.499886258432872,0.49999776291226,0.500129118050663,0.500084364467152,0.500179319333758,0.500000748540916,0.500021141514648,0.499936226480545,0.499972889770934
8.42006602774781e-07,0.391826256289919,1.22085950103662e-06,0.500001301500891,1.60831874458423e-06,1,0.00245126944631897,0.998663559030096,0.982138906718162,0.500017330570147,0.500000774331119,0.500016284524995,0.499997987747817,0.499987906631607,0.500002539591179,0.50001148134595,0.499970766026473,0.500037207323985
0,0.352173535179842,1.23216440724161e-06,0.401049615774993,0,0.829433570326335,0.330767157714683,0.388272713640048,0.472648225698853,0.50003441356926,0.499876316694883,0.499961028057628,0.500003464339831,0.499984908143067,0.499951379704998,0.50018756590639,0.500061937137363,0.500038316463613
0.00562060408969964,0.421795764251916,0.509037814752357,0.0317501368771529,0.011752681391862,0.297096191161008,0.333621346981515,0.391661142264982,0.497520456054325,0.498053535312615,0.500399661134572,0.499415532775923,0.499985768752056,0.500448563063246,0.499946180425889,0.500058027555523,0.500253585129821,0.500205643513337
0.0713614890664195,0.0717664074943268,0.475507752931428,0.0986823115492749,0.0998429122100518,0.795432266421859,0.333419641371096,0.39176660232947,0.499972636224478,0.500025367991497,0.49919174643863,0.499851992103959,0.500019061709043,0.499975039800537,0.499664053144106,0.500242641123759,0.498996174425715,0.501735379489718
8.41341700507246e-07,0.391826253429577,1.2125417116482e-06,0.500001302071795,1.6092468084325e-06,1.93570119177977e-06,2.27871784966841e-06,0,1,0.500031128352588,0.500000748540746,0.500016420619146,0.499999648867754,0.499987955877977,0.499954631004123,0.500011182601101,0.499969734853928,0.500032096009646
0.0573870188592445,0.0667142353166282,0.0634171929886554,0.0464029125594577,0.470840529228267,0.497928623220069,1.45201859599627e-06,0,1,0.499411637840036,0.50031986848986,0.499954246884306,0.499776007195667,0.500115989785354,0.499200388735392,0.500005994455597,0.500089278155312,0.499995235183646
8.42221866274974e-07,0.391826287481184,0.499996046311931,8.84211404095225e-09,1,0.885046529606051,0.96038654016087,0.986066415366913,0.419655821091743,0.500029306390611,0.499959457126638,0.499990479769504,0.500014267784727,0.499988033778376,0.499942163939248,0.500007275449271,0.499981474537643,0.500033937897002
8.01371422230041e-07,0.391826257498307,1.18207106039952e-06,1.38538838805817e-13,0.499999940543629,1.93141231097371e-06,2.00820722714434e-06,1.37841305036801e-07,0,0.500030604381656,0.49995975091718,0.500004565765525,0.500125822433908,0.499977475573762,0.499908078731509,0.500039089673479,0.499946713671678,0.500038098591607
8.0169483065931e-07,5.79989405254855e-07,0.391816571971259,0.500001316891103,1.63159548338676e-06,1,0.029208590568001,0.998456122965895,0.113522685859798,0.500021429100149,0.499974467517992,0.499983781474628,0.500018829701061,0.499987597253266,0.500035067288611,0.500005567376866,0.500002586282694,0.500018883108823
0.0713571138390464,0.0717680157727326,0.0721655225319124,0.0728513559214308,0.483292200350107,0.100986414836346,0.820920757220388,0.391784337795787,0.499981122159654,0.49916641187789,0.500474386727551,0.500181762103634,0.500934002092962,0.499449224616374,0.500828658855288,0.500672617745751,0.500981022217147,0.49963073679658
0.0713576171819379,0.0717681578792337,0.475507753063398,0.0986822573832467,0.0998025602344003,0.101157972923677,0.820919941355413,0.391743297431894,0.499977940846973,0.500388719270854,0.499666329733456,0.499881785903857,0.500031257114745,0.499980355395263,0.500821428903449,0.500021693774898,0.501262832359868,0.49812068699841
0.0713094470704215,0.0717681818887654,0.0721677512272468,0.479300751165643,0.0998025583778623,0.100983782655735,0.820920757216061,0.391743170947221,0.499983074578062,0.5004372511124,0.501994580825422,0.49985836102217,0.50095486866261,0.49948305208142,0.500829361241038,0.500631113151974,0.501262767818186,0.499655748225361
8.37536302523759e-07,0.391826279915367,0.499996044298103,0,1.62749983556587e-06,1,1,0.0140572168492728,0.962232011377525,0.500017005823939,0.499986533879323,0.499989684063084,0.500014702078591,0.499987231216212,0.500043251789696,0.500005266912133,0.499981153343341,0.500002199219199
8.37181638325833e-07,0.391826255741959,1.21116502666442e-06,0,0.499999900405203,1.94234451102865e-06,0.999998935685462,0.11067306355913,0.475987232877524,0.500030547343936,0.499957522846987,0.49999684720077,0.500002689923943,0.499987727935359,0.500002689859466,0.500005635443442,0.499983637640566,0.500033476965295
0.391827187776396,5.5334873599567e-07,0.49999604429797,8.47767434225828e-09,1.62736245240341e-06,1.9060785894888e-06,0.999998882564186,0.0549801879432713,1,0.500020694034422,0.499987215334644,0.499993550334539,0.500018578369843,0.499998623661004,0.500028833022846,0.500007678803795,0.50004667020407,0.500000979465226
8.01497456089503e-07,5.31281588611598e-07,0.704835494260762,0,1.65475585456311e-06,1,0,0.92633549175884,0.116717338506551,0.500027707879867,0.499960833398815,0.499998361929878,0.500018823936094,0.499987571129018,0.500029529272702,0.500012291826488,0.50007295843725,0.499988711749778
0.0713201553487666,0.071753655456507,0.0721156305031707,0.0726934390242853,0.0734390674342996,0.0735308921619575,0.0743369964714216,0.495286201290585,0.894450155852028,0.499513720865523,0.501132277404045,0.500207353478673,0.500482968512983,0.499994972665367,0.499860334061543,0.500330818341909,0.500072392623981,0.500006115539133
8.40821049789821e-07,0.391826287493247,1.24745804359807e-06,0.500001306171331,1,0.0624592818872153,0.124134419343825,0.156959410909165,1,0.500028974356185,0.499974343080996,0.500005518795061,0.500002743079104,0.499986387869562,0.500004085844241,0.500008381815695,0.499983602362463,0.500016948645701
0.0552595097650079,0.357347119579058,0.0570987648800447,0.0431549624529756,0.0642042548334374,9.33824812143769e-07,1.88245203003874e-06,1,0.0721533033274778,0.500002727802858,0.499888599087994,0.500053311521296,0.500023096003351,0.499984796816922,0.49617344856744,0.499990828682054,0.49988282175101,0.500021085014935
0.0554039962452594,0.059336428702481,0.0558177972285789,0.477466805382946,0.0676365140564555,0,5.21376144787052e-06,2.83068721393614e-07,0.499786358004172,0.50001999368977,0.499689432970789,0.499853805762645,0.49999731174404,0.499959722772601,0.500053751713961,0.499999403660636,0.499786334333026,0.499990707575253
0.0574165145951149,0.0667139273738195,0.0634171929886554,0.0464029647759446,0.470840529228267,0.498823015052589,1.51285332705697e-07,0,0,0.499392328037208,0.499688455867008,0.499950197786296,0.499776737654887,0.500115010188484,0.499196543516553,0.500000914136332,0.501080953118543,0.499995671301308
0.00429887894661583,0.399862881719245,0.00758413289728533,0.0168622955895283,0.527783773788213,0.292634278934363,0.336309516036487,0.392266431459817,0.502155562502813,0.500290199272069,0.499984239989723,0.499337270904844,0.500010594442331,0.499968268639866,0.498821077651997,0.499781898038386,0.499967518130954,0.500028484911242
0.0551936788711836,0.466966206620594,0.089479803870873,0.0671138273143462,0.0775498430800233,2.03292961471603e-06,0.499612421537078,0,4.44089209850063e-16,0.500060161466545,0.499970489391811,0.500045092934875,0.500026431196425,0.499973978023548,0.499608632710512,0.500187862505386,0.499983335995691,0.499936253591147
0.0554984974703214,0.0592129142359181,0.469446253089354,0.0723397065984043,0.0817501889087966,0.500165818738772,1.49099739056156e-08,0,0,0.500684656269278,0.50001084567113,0.499991720810431,0.500078425123244,0.499954640654942,0.499833321681853,0.500185297895062,0.500027590587608,0.499453715086109
8.13050074188065e-07,5.72518001346897e-07,0.391816571814895,0,0.499999530569449,1.95499040751864e-06,1.94252134565863e-06,5.02972122035601e-07,1,0.500001291764133,0.499991202951109,0.499991154387368,0.500018775588408,0.49998801719235,0.500031358497283,0.50001236809161,0.5000649428403,0.500022428998595
8.0410574881598e-07,5.85298745252133e-07,0.704835518707251,0,1.57987133020487e-06,1.9753509346021e-06,0,1,0.544090977998583,0.499961070574469,0.499988627661608,0.49999102253769,0.500043229519117,0.499980710644225,0.500028040460519,0.500005461665018,0.499974907267836,0.500021080170877
0.054814664268373,0.0566772360062485,0.0579576980230498,0.0519151232720842,0.478426159606107,6.03103323653068e-09,1.50898445808386e-07,0.499501123935837,1,0.499417513300126,0.500301242553164,0.499941941246472,0.499772261429034,0.499920826028282,0.500259622903258,0.50015883090695,0.499678448026647,0.499994335201146
0.391827187984701,5.68075156859305e-07,1.23630654227552e-06,0,0.499999932267533,1.91626314380899e-06,1,0.415911892600842,0.47810249421408,0.499958574411465,0.499993440064624,0.499996696513535,0.499996375659532,0.499984358060735,0.500007098255557,0.50000659188854,0.499975401415582,0.500034702919694
0.391827190491383,4.82770491083695e-07,0.499996038127171,1.79806984160149e-16,1.63499664265765e-06,1.90288749916057e-06,1.86550653057111e-06,1.9676682960143e-06,0.999999894754032,0.500027557274111,0.499967220314403,0.499996194465158,0.500018793633679,0.499984718712528,0.500033508306837,0.500008290569764,0.499955577201292,0.500001267450558
0.704832604197529,5.67200651625116e-07,1.91804033650407e-06,0,1.60928049532466e-06,1.88645974313895e-06,1.46775391909881e-06,0.999999219304883,0.484481255388172,0.49999948853259,0.499987412945396,0.499996309588375,0.499997864350539,0.499999106313754,0.500043281799387,0.500011345764282,0.499970880679708,0.500022081057177
8.12440218045385e-07,0.391826256299058,1.30193508183376e-06,0.500001306652516,1.60708054587215e-06,1.88952614402627e-06,1,0.999999166268185,0.196439339148338,0.499918118663564,0.499986441009978,0.500068728356136,0.499999322490453,0.499985561259208,0.499919621962024,0.500011444942142,0.499983168639459,0.500022707836435
0.0713112205671856,0.0717672237073405,0.47550775349044,0.0988044327512858,0.0998732804364961,0.100974106258879,0.102391959963752,0.103421711359965,0.10513644035418,0.498258888963384,0.49999296542108,0.500173190241538,0.50400006453667,0.500328576890323,0.499972084668056,0.503578663277241,0.500037894333051,0.500164055360954
0.391827187838442,0.49999995557372,1,0,0.0109213873113822,0.0304909611465108,0.070953980496503,0.0826270643722966,0.0839513975006161,0.499998590672704,0.499998055170533,0.500002206056733,0.499996579087034,0.499988208621551,0.500001681920709,0.500002012847845,0.500002370515835,0.499997371457361
7.59255457657294e-07,5.73617732313458e-07,0.391816571791647,0.500001306694016,1.6059345253661e-06,1.9638477426688e-06,1.93550132590672e-06,0.999999962408115,0.875376458994066,0.499933667912977,0.499985602005846,0.500043141849845,0.500018656106826,0.499987143570874,0.50003402978856,0.500005713223341,0.500074784336276,0.500016793274281
8.01595067490002e-07,5.60930545219936e-07,1.11263243622584e-06,0.391805730251461,0.4999998991319,1.92154441931104e-06,1,0.440615130024824,0.483373913713457,0.499999504717188,0.499993671893713,0.500003260343049,0.499996622690045,0.500004344154148,0.500028876295609,0.500004967710004,0.499975403123991,0.500017103976201
0.29518324325787,1,0.0201502595880775,0.0584970463749768,0.00058575095816682,0,0.969749591916274,0.15421339572472,0.119277320733406,0.499999846328746,0.499999848349876,0.500003951476971,0.499997797313023,0.500005750727992,0.500001820690121,0.500002136085121,0.499996074979639,0.500002221266483
8.1281270200456e-07,0.391826256501761,0.49999603903816,0,1.57456797847375e-06,1.88953997812121e-06,1.90459795247491e-06,0.999999254007918,0.395736792317198,0.500016323267579,0.499986440739735,0.499987359699664,0.500012967497502,0.499988355537757,0.500027509900172,0.5000121514154,0.49998109053959,0.500002321062327
0.0713684255374263,0.0718387692150366,0.0721655543831978,0.0728657777684869,0.0729057420982721,0.486909691149377,0.820921931674722,0.391739102515984,0.499981910837152,0.498922086307522,0.499710590780475,0.500116034513499,0.500259170798008,0.499449297550623,0.500033247460831,0.499943229528756,0.499972247345259,0.499544467367992
0.0713576803221944,0.0717681479764677,0.0721655665305424,0.0728513559214308,0.483166179636419,0.101295748947265,0.820921003384205,0.391784716215395,0.49998046560396,0.498927684233325,0.500001982263273,0.500180406659278,0.499993929521645,0.499999845059373,0.500907912643222,0.500021873587711,0.501070275266058,0.498081861332744
0.39182718798624,5.80215228501713e-07,1.23488722977223e-06,0,0.49999993429703,1.93215877020747e-06,1.96940182389373e-06,0.999999957297972,1,0.500034450236836,0.499992531732106,0.499988468265221,0.500000928757723,0.499984840815378,0.500002064612567,0.500049607599225,0.499952213798735,0.499995969049589
0.0713327523265644,0.471713758994264,0.0973555110795931,0.0986834833767536,0.0998024895236809,0.795343110469539,0.33344011439721,0.391743675265378,0.500176941068865,0.499113345280326,0.498827641941376,0.502943836967673,0.500650647019958,0.499969103595507,0.499661859883789,0.500255618230418,0.499867630359981,0.499635025299106
7.46213526409659e-07,5.68888228136277e-07,0.391816571792848,0.500001310729274,1.61073485814976e-06,1.9614614017013e-06,1.88698874281634e-06,0,0,0.500024210315188,0.499961445204648,0.499990533275869,0.500017647853049,0.49997925017812,0.500033415910085,0.500183389503662,0.499979445897813,0.500018493517304
7.00022107558151e-07,5.82688613039063e-07,6.717564202674e-07,1,7.79029977212475e-08,0.0554938995760765,1,1,0.496498159774225,0.500025638503772,0.500000837206616,0.500000642728911,0.50002213913396,0.499987311546279,0.500028180530089,0.500015013974029,0.499979692482503,0.500001675762646
7.46385167060826e-07,0.391826271589439,0.49999604430541,0,1.59737820348838e-06,1.90622867616933e-06,1.94242257861577e-06,0,0,0.5000391061506,0.499957502056856,0.500029402111033,0.499990819882951,0.499979050805959,0.500000677178447,0.500012199747074,0.499977832319865,0.500015009298203
0.0590223925667228,0.0592280364906688,0.0526539778440223,0.477216779183218,0.0677311719084326,2.22546644501609e-07,0.500023569041689,0,1,0.500034635184833,0.499681823206358,0.499387416798008,0.500020436477451,0.499940669171737,0.498638720615118,0.500038637531683,0.501016892974889,0.500016920255324
7.96246975709021e-07,5.25354474679962e-07,8.25777582846224e-07,0.295172239688715,1,0,0,0,0.99107700568696,0.499998206700138,0.499978316180075,0.499984272913823,0.500003672425095,0.500000405484442,0.500032839844755,0.500006607595954,0.499995761917596,0.50000287725979
0.0713117138184633,0.0717965966985039,0.0723025664677481,0.0727005922206376,0.483298671947754,0.795436721340156,0.333260516149612,0.391801047590628,0.499962958226816,0.500022266984062,0.500426491438634,0.500089914319647,0.500869661126638,0.499467033554449,0.498999378270777,0.500265885239658,0.499957731196015,0.499590920931172
0.00427662562102125,0.000253052138317389,0.00711777712850067,0.0170008142167189,0.720398659785404,0.293704232980144,0.336477114314957,0.392286795709497,0.502221385961344,0.500270603519783,0.526224502401471,0.502967473535912,0.499977759878653,0.500442873826644,0.498821141076672,0.496986840600759,0.499983769457042,0.492398921837567
0.39182718793887,5.73883676541409e-07,1.214485455526e-06,0.500001300883225,1.51586821852394e-06,1.88698399426542e-06,1.93079563564153e-06,2.06263807950302e-06,1,0.499998053578204,0.499949367525161,0.500032435185598,0.500001315887207,0.499984786994873,0.500033484245389,0.500007530301724,0.499981933503347,0.500001486581776
0.0714137393415744,0.471678587356515,0.0976120895267914,0.753327346316437,0.269742234923715,0.29509103618904,0.333387025880362,0.391788633112638,0.500125062041173,0.499975234682712,0.501319833646882,0.500116392778396,0.500263701451022,0.50001548457023,0.499701992957629,0.499953233168332,0.499500941435595,0.499545691877158
0.0549059760860739,0.0548707884265299,0.0548625439486368,0.0566065824714302,0.0567781525818439,0.885268505612701,0.331647791439446,0.391742217019287,0.500603677413834,0.497734831500918,0.500903688444873,0.502747791175335,0.499017654507034,0.499372842536535,0.499871524422681,0.500279436620736,0.499335942751865,0.500011806795571
7.90529022576258e-07,5.80756052611512e-07,0.295187386898382,1,5.9713124281647e-08,0,0.954639624414696,0.799060189602722,0.996849968153198,0.500033442070738,0.49999867253031,0.499986908760246,0.499993371409165,0.500001151045612,0.500032225489339,0.500015677967722,0.499965376534814,0.500014953299011
7.5819286417442e-07,5.54559750344133e-07,7.69020214919873e-07,1.44718509763749e-08,0.704745381518207,1.63258919697474e-06,1.83992259271414e-06,1,0.0386060124751924,0.500000083744225,0.499978477883543,0.499989776025928,0.499956788792203,0.499998106602823,0.500059268209617,0.5000074137303,0.500052423254681,0.500003029036287
8.01371422230041e-07,0.391826257973887,1.18207106039952e-06,1.38538838805817e-13,0.499999693074437,1.93141231100892e-06,1.97098120217937e-06,3.05317678536366e-07,1,0.500030183043929,0.49995975091718,0.499984321961136,0.500125822433908,0.499977475573762,0.499906147748718,0.500039588879615,0.499947787604119,0.500038098591607
8.06638005612648e-07,0.295132640993005,7.08103289618534e-07,3.06888988350271e-07,1,0.102402466664105,0.987239277811323,0.00606457780852428,0.0127138159360576,0.500000083563054,0.499974828992298,0.499993060323897,0.499996409718697,0.499996162259647,0.500033987890333,0.500007187988608,0.499971630748425,0.500001500962096
0.0713615040183397,0.0717670864603961,0.475507752931428,0.0986821062982723,0.0997976130592798,0.794600661870584,0.333425387195651,0.391740914353883,0.499979742584845,0.499181323708905,0.499663582132159,0.500143541859934,0.50001582647764,0.500468906036715,0.50099307536553,0.500016519316461,0.501158834139648,0.49962326441529
0.0713654969785162,0.0717680594771071,0.475506147958284,0.0986772254893603,0.0997974539386621,0.10098107359159,0.10239205757164,0.85260612973925,0.499979109879813,0.500346384592047,0.500082024989207,0.50028979642407,0.500655135199441,0.500021457001148,0.499908905078459,0.500182863063815,0.499881213768836,0.501651495859401
0.391827187903168,2.57032183553095e-06,1.30845038182059e-06,0.500001300897667,1,0.0746955974984796,1,0.387232913335273,0.969667308635379,0.49984962443605,0.499993207355058,0.500091605024073,0.500273751355169,0.499985963339043,0.499994824768206,0.500035994716276,0.501186557949946,0.499427160152048
0.0383892372331799,0.0581694531272111,0.0505450252183178,0.0623651243846848,0.349369823776385,1.95982766621671e-06,1,1,0.432313744507565,0.499990488624439,0.499969591316044,0.499918245711182,0.500010418528132,0.499984339963846,0.500017279394017,0.500434176338278,0.499955475886221,0.500430912249352
0.362963521520393,0.0576369108057897,0.058901856019434,0.0505304875117111,0.0534404988908302,2.00112581196913e-06,1,0.964828401682159,1,0.499990723590821,0.49996116609711,0.500029623494863,0.500010307820051,0.499982881626931,0.500043909267956,0.500005584367068,0.500046388613161,0.500001513045738
0.39182718783885,0.499999954922665,1.90689374145181e-06,8.39088851023135e-09,1.62951118920507e-06,1,0.981366197447596,0.0755478550081091,0.983007890557807,0.499997345936147,0.499995961427133,0.500005652032293,0.500014382947439,0.499998886881806,0.500006372786136,0.50002446417506,0.499965775562991,0.500019217816112
8.02069364249256e-07,5.80037375019771e-07,0.391816571918963,3.61377594515488e-14,0.500000117177738,1,0.0183669522919011,1,0,0.500028564086358,0.499961331299675,0.499994786892664,0.500002112331847,0.500000265471512,0.500002048990251,0.500005634473245,0.499975369468672,0.499995978599485
0.704832604197532,5.77284230502158e-07,1.92206437179849e-06,0,1.6291168323803e-06,1,0.000614958682105881,0.92816334115686,0.485394922498456,0.4999997182766,0.499978651356571,0.500016623861164,0.499997919077237,0.499999199594576,0.500001553022935,0.500019165438244,0.499970607154381,0.500021790344293
7.59255457657294e-07,5.73617732340697e-07,0.391816571791647,0.500001316975843,1.60593452536162e-06,1.96384774267533e-06,1,1,0.554445523599341,0.499950969077076,0.499961462813297,0.499990331179462,0.500018847028356,0.499986684914247,0.50003402978856,0.500005728139703,0.499983869956494,0.500016793274281
0.0570944323472934,0.0556421440710733,0.0529478515057384,0.0514769508588894,0.481836132732232,0.500114594582421,1.58744503156987e-06,1,0.981626442233741,0.500025688659274,0.499885270907514,0.499969568633473,0.499938927082245,0.50003458506726,0.499977645251703,0.500176699339474,0.500086932495325,0.500020726040817
0.470681357860324,0.0715921744899636,0.0784636447767846,0.0685977248659592,0.0806075018638815,0,3.26454304623148e-07,2.0904966249978e-06,0.496771741394882,0.497745783299341,0.499705449086069,0.500043590045076,0.500056661969176,0.499963506982188,0.499991884211864,0.499884451321748,0.499983225023089,0.499934679407184
0.70483260420335,5.75861994186702e-07,1.9175113259628e-06,1,3.58698284039801e-07,0.993144218721534,0,0.0513729106387185,0.470424745139766,0.500000357053303,0.500000210086572,0.500003838346383,0.499996628219302,0.499998028507465,0.499995582854006,0.500007302884388,0.499996671744709,0.50001827222954
8.01497456071054e-07,5.33951680646122e-07,0.704835494260762,3.12774360399163e-18,1.65456779607954e-06,1,0,0.170070413755225,0.510682764002803,0.500027707879867,0.499993339259254,0.49999812182929,0.500015056467441,0.499980945642988,0.500032393529622,0.500012218769172,0.500072501941023,0.499988901333484
0.0712546302358403,0.0717745274784619,0.0720575928520222,0.072633196649999,0.0737810793405482,0.0735426931732254,0.491449293569356,0.852604261469731,0.49999394253268,0.500016394986345,0.501645906447,0.51514557983725,0.498927466886687,0.499963414348728,0.499948835149131,0.500551054281711,0.50362619173419,0.501312110894637
0.391827187838851,0.499999954932912,1.89332929269734e-06,8.38862224128434e-09,1.60879620475507e-06,1.90578657743856e-06,1,2.02165967311263e-06,1,0.500028556946569,0.499986688177144,0.499994759773186,0.499998320171865,0.500000281802305,0.499994315416655,0.500053860145255,0.499963821845439,0.500002057404334
8.12810517620541e-07,5.81292098233988e-07,7.70180802762617e-07,0.704847109664938,1,0,0,0.000516611983328225,0.814881607493803,0.499998209805707,0.499992155970752,0.500002516324388,0.500027160344835,0.500000936137238,0.500026647027495,0.500013228845054,0.499971122444446,0.500002866378915
0.0560194948096081,0.0560510336585421,0.0563324969753907,0.860355002706022,0.266505011577232,0.295473019621913,0.333460086894377,0.392039334462556,0.499977624369721,0.499451743348868,0.500334345432211,0.499457799519243,0.500056556351998,0.499494747881291,0.498703307720473,0.504675061331118,0.501204175223232,0.497806720480728
0.0558660752085451,0.0468858488359646,0.353656846790532,0.0551461155987589,0.0602421550625721,0,1.32886774351753e-07,0.999999957216209,0,0.499979396174297,0.500116079198749,0.499957776460335,0.50003079591349,0.499982856433476,0.500154015773343,0.50026536214911,0.499678184743912,0.499992328827106
8.37408889328598e-07,5.07885698830535e-07,1.08000607523806e-06,0,0.295201214089013,1.24783129451522e-06,0.999998933014869,0.0478356700218882,0.498117487303109,0.500004645353834,0.499998391956188,0.500077204073118,0.500014846762348,0.499988695393998,0.500036008425217,0.50000201690881,0.499965161826417,0.50000239924271
8.39729176416171e-07,0.704835034864195,1,0.0158099789868801,0.00243136441796527,0.999232566818058,0.0820329141060476,0.929243028538938,0.424445361062128,0.500016155707362,0.499993172533492,0.500005024534049,0.49999841150092,0.499987972602745,0.500004565350573,0.500011472947428,0.499981050470068,0.500015558350996
0,0.391826271589439,0.49999604430541,0,1.59737820348838e-06,2.45989673512074e-08,1.94242257861577e-06,0,0,0.500042508726062,0.499957502056856,0.500023987160151,0.499990819882951,0.499979050805959,0.499904774092703,0.500012199747074,0.499977832319865,0.500018179742812
0.391827187797976,5.67673304474603e-07,1.32949723974374e-06,0.500001301199767,1.62980073916262e-06,1,0.95566127529512,1,0.508842370212606,0.500020115637859,0.49997462718995,0.499997134361052,0.499999851541316,0.499984744295381,0.49999824493868,0.500005728374455,0.50005265860841,0.500016687618152
8.42018222498668e-07,0.704835034855408,1.92557540096283e-06,1,1.54284764852797e-06,1,0.0746496237300074,0.0903720956603877,0.0295456872395498,0.500032324980976,0.499993885923966,0.499988464125118,0.500001783406345,0.499999600676111,0.50004446542341,0.500012497559158,0.499967806767618,0.500000715565451
7.9691946142102e-07,5.24686244736394e-07,0,0.295172239688715,0,1.60016225658755e-06,1.50292953108287e-06,0,1,0.499998245121885,0.499959924305044,0.500004361230159,0.500030134092649,0.500001790833608,0.493643707074004,0.500058759934578,0.499948086010319,0.500003258705105
0.391827190742968,5.67979931667527e-07,1.32402707675596e-06,0,0.499999933226771,1,0.991220438205245,0.10333802812484,0,0.499997922067424,0.499993012616087,0.500037083505357,0.500005292068929,0.499984620335879,0.500007099725341,0.500006369884887,0.500043324899636,0.500003279367828
0.071313049627724,0.0717943012679494,0.0720574458756076,0.0727015940826385,0.073781418810551,0.0735308766949786,0.0743370270720821,0.495286201291123,0.105182495763271,0.49951477869834,0.501801949455996,0.500592351016428,0.500276969617381,0.50141790260612,0.49987689989049,0.500329193537505,0.500020121156604,0.499491842040865
0.391827187836659,0.499999954518335,1.89982438889561e-06,1,0.708779839701029,1,0,0.103715833094613,0.496596841182756,0.49999937539295,0.499998516912584,0.499994722413204,0.499996316228661,0.500000232371713,0.499993845262898,0.500005663814628,0.499997486115027,0.50000804539705
0.0555022971626592,0.475077411719992,0.0888246301164645,0.0671058731142344,0.0639459967116109,0.497558575217584,1.60610476751907e-06,0,1,0.500029211124605,0.499692022465925,0.500093766623707,0.500015849163254,0.500415537020197,0.500088627218043,0.500105909622166,0.500336505483387,0.500107995020524
0.0551956778649493,0.0581420790244438,0.471752819984395,0.0739059349384191,0.0777454203049609,1.28339302222037e-06,0.500094700938166,1,0.96720393567939,0.499902865003379,0.4999325350078,0.50012067684176,0.500085757228824,0.50018129135741,0.499990255447108,0.50018760129023,0.500026156085202,0.500412464403358
8.42326330433719e-07,0.391826287481184,0.499996046311931,8.84211404095225e-09,1,0.885046529606051,0.96038654016087,0.986066415366913,0.655583240114408,0.500029306390611,0.499986256707905,0.499990479769504,0.500014267784727,0.499988033778376,0.499942163939248,0.500007275449271,0.499981474537643,0.500001353032336
0.408510393840929,0.00345271786042634,0.529314058710496,0.0127432812914847,0.00126806880625043,0.296367059578435,0.331451623729245,0.391739448907525,0.498454155459942,0.499907983666214,0.499812311020893,0.500021775242089,0.49991004797785,0.499989345844973,0.499951645550864,0.499973008096676,0.499949917218727,0.499371935792062
0.0344660684970258,0.0439058953381941,0.372882061667404,0.0559989412371828,0.059251004360152,1,0,0.0507956325700714,0.470431720898593,0.500057066269241,0.499821994224751,0.499988272254103,0.500033758060448,0.499970032434134,0.500029594217173,0.500002927246126,0.500140210087141,0.49996118110928
7.97337835822833e-07,5.54099125050685e-07,0.704835518764153,0,1.62738567906218e-06,1.89779460337483e-06,0.999998888005553,0.865496263774137,0.564094940730204,0.500026748274148,0.499985358600831,0.499917506073357,0.500018452582013,0.500026861348922,0.500043321947691,0.500005415508097,0.499984110529573,0.499999895780435
